{
    "id": 21,
    "date": "2022-01-07T09:26:06",
    "date_gmt": "2022-01-07T09:26:06",
    "guid": {
        "rendered": "https:\/\/themexriver.com\/wp\/gurumantra\/?page_id=21"
    },
    "modified": "2022-02-20T04:30:48",
    "modified_gmt": "2022-02-20T04:30:48",
    "slug": "homepage-one",
    "status": "publish",
    "type": "page",
    "link": "https:\/\/themexriver.com\/wp\/gurumantra\/",
    "title": {
        "rendered": "Homepage One"
    },
    "content": {
        "rendered": "\t\t<div data-elementor-type=\"wp-page\" data-elementor-id=\"21\" class=\"elementor elementor-21\">\n\t\t\t\t\t\t<section class=\"elementor-section elementor-top-section elementor-element elementor-element-fcb455e elementor-section-full_width main-slider elementor-section-height-default elementor-section-height-default\" data-id=\"fcb455e\" data-element_type=\"section\">\n\t\t\t\t\t\t<div class=\"elementor-container elementor-column-gap-default\">\n\t\t\t\t\t<div class=\"elementor-column elementor-col-100 elementor-top-column elementor-element elementor-element-567991e\" data-id=\"567991e\" data-element_type=\"column\">\n\t\t\t<div class=\"elementor-widget-wrap elementor-element-populated\">\n\t\t\t\t\t\t<div class=\"elementor-element elementor-element-522f6b6 elementor-widget elementor-widget-slider_revolution\" data-id=\"522f6b6\" data-element_type=\"widget\" data-widget_type=\"slider_revolution.default\">\n\t\t\t\t<div class=\"elementor-widget-container\">\n\t\t\t\n\t\t<div class=\"wp-block-themepunch-revslider\">\n\t\t\t<!-- START Main Slider 1 REVOLUTION SLIDER 6.5.14 --><p class=\"rs-p-wp-fix\"><\/p>\n\t\t\t<rs-module-wrap id=\"rev_slider_1_1_wrapper\" data-source=\"gallery\" style=\"visibility:hidden;background:transparent;padding:0;margin:0px auto;margin-top:0;margin-bottom:0;\">\n\t\t\t\t<rs-module id=\"rev_slider_1_1\" style=\"\" data-version=\"6.5.14\">\n\t\t\t\t\t<rs-slides>\n\t\t\t\t\t\t<rs-slide style=\"position: absolute;\" data-key=\"rs-10\" data-title=\"Slide\" data-thumb=\"\/\/themexriver.com\/wp\/gurumantra\/wp-content\/uploads\/2022\/01\/image-1-50x100.jpg\" data-anim=\"e:slidingoverlay;ms:2000;\" data-in=\"o:1;x:(100%);\" data-out=\"a:false;\">\n\t\t\t\t\t\t\t<img fetchpriority=\"high\" decoding=\"async\" src=\"\/\/themexriver.com\/wp\/gurumantra\/wp-content\/plugins\/revslider\/public\/assets\/assets\/dummy.png\" alt=\"\" title=\"image-1\" width=\"1920\" height=\"970\" class=\"rev-slidebg tp-rs-img rs-lazyload\" data-lazyload=\"\/\/themexriver.com\/wp\/gurumantra\/wp-content\/uploads\/2022\/01\/image-1.jpg\" data-no-retina>\n<!--\n\t\t\t\t\t\t\t--><rs-layer\n\t\t\t\t\t\t\t\tid=\"slider-1-slide-10-layer-0\" \n\t\t\t\t\t\t\t\tdata-type=\"text\"\n\t\t\t\t\t\t\t\tdata-color=\"#222222\"\n\t\t\t\t\t\t\t\tdata-rsp_ch=\"on\"\n\t\t\t\t\t\t\t\tdata-xy=\"x:l,l,c,c;xo:60px,60px,0,0;y:m;yo:-120px,-220px,-157px,-173px;\"\n\t\t\t\t\t\t\t\tdata-text=\"w:normal;s:14,14,16,16;fw:700;\"\n\t\t\t\t\t\t\t\tdata-padding=\"t:4;r:12;b:4;l:12;\"\n\t\t\t\t\t\t\t\tdata-frame_0=\"y:-100%;\"\n\t\t\t\t\t\t\t\tdata-frame_0_mask=\"u:t;\"\n\t\t\t\t\t\t\t\tdata-frame_1=\"st:1590;sp:1420;sR:1590;\"\n\t\t\t\t\t\t\t\tdata-frame_1_mask=\"u:t;\"\n\t\t\t\t\t\t\t\tdata-frame_999=\"y:-50,-38,-28,-17;o:0;st:w;sp:1000;sR:5990;\"\n\t\t\t\t\t\t\t\tstyle=\"z-index:5;background-color:#ffe4aa;font-family:'Roboto';\"\n\t\t\t\t\t\t\t>I\u2019m A Life Coach \n\t\t\t\t\t\t\t<\/rs-layer><!--\n\n\t\t\t\t\t\t\t--><rs-layer\n\t\t\t\t\t\t\t\tid=\"slider-1-slide-10-layer-1\" \n\t\t\t\t\t\t\t\tclass=\"rev-btn\"\n\t\t\t\t\t\t\t\tdata-type=\"button\"\n\t\t\t\t\t\t\t\tdata-rsp_ch=\"on\"\n\t\t\t\t\t\t\t\tdata-xy=\"x:l,l,c,c;xo:60px,59px,0,0;yo:631px,500px,623px,518px;\"\n\t\t\t\t\t\t\t\tdata-text=\"w:normal;s:16,16,16,14;l:55,55,55,55;fw:700;a:center;\"\n\t\t\t\t\t\t\t\tdata-dim=\"minh:0px,none,none,none;\"\n\t\t\t\t\t\t\t\tdata-padding=\"r:50,50,38,40;l:50,50,38,40;\"\n\t\t\t\t\t\t\t\tdata-border=\"bor:3px,3px,3px,3px;\"\n\t\t\t\t\t\t\t\tdata-frame_0=\"sX:0.9;sY:0.9;\"\n\t\t\t\t\t\t\t\tdata-frame_1=\"e:power4.inOut;st:3000;sp:4500;\"\n\t\t\t\t\t\t\t\tdata-frame_999=\"o:0;st:w;\"\n\t\t\t\t\t\t\t\tdata-frame_hover=\"c:#31645e;bgc:#fff;gs:sliding;bor:3px,3px,3px,3px;sp:100;e:power1.inOut;bri:120%;m:true;\"\n\t\t\t\t\t\t\t\tstyle=\"z-index:11;background-color:#31645e;font-family:'Roboto';\"\n\t\t\t\t\t\t\t>Get Free Guide Now \n\t\t\t\t\t\t\t<\/rs-layer><!--\n\n\t\t\t\t\t\t\t--><rs-layer\n\t\t\t\t\t\t\t\tid=\"slider-1-slide-10-layer-2\" \n\t\t\t\t\t\t\t\tdata-type=\"text\"\n\t\t\t\t\t\t\t\tdata-rsp_ch=\"on\"\n\t\t\t\t\t\t\t\tdata-xy=\"x:l,l,c,c;xo:60px,60px,0,-2px;y:m;yo:150px,50px,77px,76px;\"\n\t\t\t\t\t\t\t\tdata-text=\"w:normal;s:18,18,18,16;l:25,25,25,25;a:left,left,center,center;\"\n\t\t\t\t\t\t\t\tdata-dim=\"w:600px,600px,600px,400px;\"\n\t\t\t\t\t\t\t\tdata-padding=\"t:0,0,0,10;r:0,0,0,15;b:0,0,0,10;l:0,0,0,15;\"\n\t\t\t\t\t\t\t\tdata-frame_0=\"x:50,38,28,17;\"\n\t\t\t\t\t\t\t\tdata-frame_1=\"st:3000;sp:2500;\"\n\t\t\t\t\t\t\t\tdata-frame_999=\"x:50,38,28,17;o:0;st:w;sp:1000;sR:6500;\"\n\t\t\t\t\t\t\t\tstyle=\"z-index:7;font-family:'Roboto';\"\n\t\t\t\t\t\t\t>Discover the simple 3 Steps that I Discovered to Hack Productivity.  It works %100. Wanna transform your life? \n\t\t\t\t\t\t\t<\/rs-layer><!--\n\n\t\t\t\t\t\t\t--><h1\n\t\t\t\t\t\t\t\tid=\"slider-1-slide-10-layer-5\" \n\t\t\t\t\t\t\t\tclass=\"rs-layer\"\n\t\t\t\t\t\t\t\tdata-type=\"text\"\n\t\t\t\t\t\t\t\tdata-rsp_ch=\"on\"\n\t\t\t\t\t\t\t\tdata-xy=\"x:l,l,c,c;xo:60px,60px,0,0;y:m;yo:8px,-92px,-51px,-66px;\"\n\t\t\t\t\t\t\t\tdata-text=\"w:normal;s:80,80,60,45;l:90,90,68,55;fw:700;a:left,left,center,center;\"\n\t\t\t\t\t\t\t\tdata-dim=\"w:600px,600px,455px,320px;\"\n\t\t\t\t\t\t\t\tdata-padding=\"t:0,0,0,10;r:0,0,0,15;b:0,0,0,10;l:0,0,0,15;\"\n\t\t\t\t\t\t\t\tdata-frame_0=\"o:1;\"\n\t\t\t\t\t\t\t\tdata-frame_0_chars=\"d:5;x:105%;o:1;rY:45deg;rZ:90deg;\"\n\t\t\t\t\t\t\t\tdata-frame_0_mask=\"u:t;\"\n\t\t\t\t\t\t\t\tdata-frame_1=\"e:power4.inOut;st:2500;sp:2000;\"\n\t\t\t\t\t\t\t\tdata-frame_1_chars=\"e:power4.inOut;d:10;rZ:0deg;\"\n\t\t\t\t\t\t\t\tdata-frame_1_mask=\"u:t;\"\n\t\t\t\t\t\t\t\tdata-frame_999=\"x:50,38,28,17;o:0;st:w;sp:1000;sR:6500;\"\n\t\t\t\t\t\t\t\tstyle=\"z-index:10;font-family:'Roboto';\"\n\t\t\t\t\t\t\t>Results With Modern Ideas \n\t\t\t\t\t\t\t<\/h1><!--\n-->\t\t\t\t\t\t<\/rs-slide>\n\t\t\t\t\t\t<rs-slide style=\"position: absolute;\" data-key=\"rs-11\" data-title=\"Slide\" data-thumb=\"\/\/themexriver.com\/wp\/gurumantra\/wp-content\/uploads\/2022\/01\/image-1-50x100.jpg\" data-anim=\"e:slidingoverlay;ms:2000;\" data-in=\"o:1;x:(100%);\" data-out=\"a:false;\">\n\t\t\t\t\t\t\t<img fetchpriority=\"high\" decoding=\"async\" src=\"\/\/themexriver.com\/wp\/gurumantra\/wp-content\/plugins\/revslider\/public\/assets\/assets\/dummy.png\" alt=\"\" title=\"image-1\" width=\"1920\" height=\"970\" class=\"rev-slidebg tp-rs-img rs-lazyload\" data-lazyload=\"\/\/themexriver.com\/wp\/gurumantra\/wp-content\/uploads\/2022\/01\/image-1.jpg\" data-no-retina>\n<!--\n\t\t\t\t\t\t\t--><rs-layer\n\t\t\t\t\t\t\t\tid=\"slider-1-slide-11-layer-0\" \n\t\t\t\t\t\t\t\tdata-type=\"text\"\n\t\t\t\t\t\t\t\tdata-color=\"#222222\"\n\t\t\t\t\t\t\t\tdata-rsp_ch=\"on\"\n\t\t\t\t\t\t\t\tdata-xy=\"x:l,l,c,c;xo:60px,60px,0,0;y:m;yo:-120px,-220px,-157px,-173px;\"\n\t\t\t\t\t\t\t\tdata-text=\"w:normal;s:14,14,16,16;fw:700;\"\n\t\t\t\t\t\t\t\tdata-padding=\"t:4;r:12;b:4;l:12;\"\n\t\t\t\t\t\t\t\tdata-frame_0=\"y:-100%;\"\n\t\t\t\t\t\t\t\tdata-frame_0_mask=\"u:t;\"\n\t\t\t\t\t\t\t\tdata-frame_1=\"st:1590;sp:1420;sR:1590;\"\n\t\t\t\t\t\t\t\tdata-frame_1_mask=\"u:t;\"\n\t\t\t\t\t\t\t\tdata-frame_999=\"y:-50,-38,-28,-17;o:0;st:w;sp:1000;sR:5990;\"\n\t\t\t\t\t\t\t\tstyle=\"z-index:5;background-color:#ffe4aa;font-family:'Roboto';\"\n\t\t\t\t\t\t\t>I\u2019m A Life Coach \n\t\t\t\t\t\t\t<\/rs-layer><!--\n\n\t\t\t\t\t\t\t--><rs-layer\n\t\t\t\t\t\t\t\tid=\"slider-1-slide-11-layer-1\" \n\t\t\t\t\t\t\t\tclass=\"rev-btn\"\n\t\t\t\t\t\t\t\tdata-type=\"button\"\n\t\t\t\t\t\t\t\tdata-rsp_ch=\"on\"\n\t\t\t\t\t\t\t\tdata-xy=\"x:l,l,c,c;xo:60px,59px,0,0;yo:631px,500px,623px,518px;\"\n\t\t\t\t\t\t\t\tdata-text=\"w:normal;s:16,16,16,14;l:55,55,55,55;fw:700;a:center;\"\n\t\t\t\t\t\t\t\tdata-dim=\"minh:0px,none,none,none;\"\n\t\t\t\t\t\t\t\tdata-padding=\"r:50,50,38,40;l:50,50,38,40;\"\n\t\t\t\t\t\t\t\tdata-border=\"bor:3px,3px,3px,3px;\"\n\t\t\t\t\t\t\t\tdata-frame_0=\"sX:0.9;sY:0.9;\"\n\t\t\t\t\t\t\t\tdata-frame_1=\"e:power4.inOut;st:3000;sp:4500;\"\n\t\t\t\t\t\t\t\tdata-frame_999=\"o:0;st:w;\"\n\t\t\t\t\t\t\t\tdata-frame_hover=\"c:#31645e;bgc:#fff;gs:sliding;bor:3px,3px,3px,3px;sp:100;e:power1.inOut;bri:120%;m:true;\"\n\t\t\t\t\t\t\t\tstyle=\"z-index:11;background-color:#31645e;font-family:'Roboto';\"\n\t\t\t\t\t\t\t>Get Free Guide Now \n\t\t\t\t\t\t\t<\/rs-layer><!--\n\n\t\t\t\t\t\t\t--><rs-layer\n\t\t\t\t\t\t\t\tid=\"slider-1-slide-11-layer-2\" \n\t\t\t\t\t\t\t\tdata-type=\"text\"\n\t\t\t\t\t\t\t\tdata-rsp_ch=\"on\"\n\t\t\t\t\t\t\t\tdata-xy=\"x:l,l,c,c;xo:60px,60px,0,-2px;y:m;yo:150px,50px,77px,76px;\"\n\t\t\t\t\t\t\t\tdata-text=\"w:normal;s:18,18,18,16;l:25,25,25,25;a:left,left,center,center;\"\n\t\t\t\t\t\t\t\tdata-dim=\"w:600px,600px,600px,400px;\"\n\t\t\t\t\t\t\t\tdata-padding=\"t:0,0,0,10;r:0,0,0,15;b:0,0,0,10;l:0,0,0,15;\"\n\t\t\t\t\t\t\t\tdata-frame_0=\"x:50,38,28,17;\"\n\t\t\t\t\t\t\t\tdata-frame_1=\"st:3000;sp:2500;\"\n\t\t\t\t\t\t\t\tdata-frame_999=\"x:50,38,28,17;o:0;st:w;sp:1000;sR:6500;\"\n\t\t\t\t\t\t\t\tstyle=\"z-index:7;font-family:'Roboto';\"\n\t\t\t\t\t\t\t>Discover the simple 3 Steps that I Discovered to Hack Productivity.  It works %100. Wanna transform your life? \n\t\t\t\t\t\t\t<\/rs-layer><!--\n\n\t\t\t\t\t\t\t--><h1\n\t\t\t\t\t\t\t\tid=\"slider-1-slide-11-layer-5\" \n\t\t\t\t\t\t\t\tclass=\"rs-layer\"\n\t\t\t\t\t\t\t\tdata-type=\"text\"\n\t\t\t\t\t\t\t\tdata-rsp_ch=\"on\"\n\t\t\t\t\t\t\t\tdata-xy=\"x:l,l,c,c;xo:60px,60px,0,0;y:m;yo:8px,-92px,-51px,-66px;\"\n\t\t\t\t\t\t\t\tdata-text=\"w:normal;s:80,80,60,45;l:90,90,68,55;fw:700;a:left,left,center,center;\"\n\t\t\t\t\t\t\t\tdata-dim=\"w:600px,600px,455px,320px;\"\n\t\t\t\t\t\t\t\tdata-padding=\"t:0,0,0,10;r:0,0,0,15;b:0,0,0,10;l:0,0,0,15;\"\n\t\t\t\t\t\t\t\tdata-frame_0=\"o:1;\"\n\t\t\t\t\t\t\t\tdata-frame_0_chars=\"d:5;x:105%;o:1;rY:45deg;rZ:90deg;\"\n\t\t\t\t\t\t\t\tdata-frame_0_mask=\"u:t;\"\n\t\t\t\t\t\t\t\tdata-frame_1=\"e:power4.inOut;st:2500;sp:2000;\"\n\t\t\t\t\t\t\t\tdata-frame_1_chars=\"e:power4.inOut;d:10;rZ:0deg;\"\n\t\t\t\t\t\t\t\tdata-frame_1_mask=\"u:t;\"\n\t\t\t\t\t\t\t\tdata-frame_999=\"x:50,38,28,17;o:0;st:w;sp:1000;sR:6500;\"\n\t\t\t\t\t\t\t\tstyle=\"z-index:10;font-family:'Roboto';\"\n\t\t\t\t\t\t\t>Results With Modern Ideas \n\t\t\t\t\t\t\t<\/h1><!--\n-->\t\t\t\t\t\t<\/rs-slide>\n\t\t\t\t\t<\/rs-slides>\n\t\t\t\t\t<rs-static-layers><!--\n\t\t\t\t\t--><\/rs-static-layers>\n\t\t\t\t<\/rs-module>\n\t\t\t\t<script>\n\t\t\t\t\tsetREVStartSize({c: 'rev_slider_1_1',rl:[1240,1024,778,480],el:[850,768,960,720],gw:[1330,1024,778,480],gh:[850,768,960,720],type:'standard',justify:'',layout:'fullwidth',mh:\"0\"});if (window.RS_MODULES!==undefined && window.RS_MODULES.modules!==undefined && window.RS_MODULES.modules[\"revslider11\"]!==undefined) {window.RS_MODULES.modules[\"revslider11\"].once = false;window.revapi1 = undefined;if (window.RS_MODULES.checkMinimal!==undefined) window.RS_MODULES.checkMinimal()}\n\t\t\t\t<\/script>\n\t\t\t<\/rs-module-wrap>\n\t\t\t<!-- END REVOLUTION SLIDER -->\n<\/div>\n\n\t\t\t\t<\/div>\n\t\t\t\t<\/div>\n\t\t\t\t\t<\/div>\n\t\t<\/div>\n\t\t\t\t\t<\/div>\n\t\t<\/section>\n\t\t\t\t<section class=\"elementor-section elementor-top-section elementor-element elementor-element-c38ee1d elementor-section-full_width elementor-section-height-default elementor-section-height-default\" data-id=\"c38ee1d\" data-element_type=\"section\">\n\t\t\t\t\t\t<div class=\"elementor-container elementor-column-gap-default\">\n\t\t\t\t\t<div class=\"elementor-column elementor-col-100 elementor-top-column elementor-element elementor-element-8b19edc\" data-id=\"8b19edc\" data-element_type=\"column\">\n\t\t\t<div class=\"elementor-widget-wrap elementor-element-populated\">\n\t\t\t\t\t\t<div class=\"elementor-element elementor-element-d2e205f elementor-widget elementor-widget-gurumantra_about_us_v1\" data-id=\"d2e205f\" data-element_type=\"widget\" data-widget_type=\"gurumantra_about_us_v1.default\">\n\t\t\t\t<div class=\"elementor-widget-container\">\n\t\t\t        \n        <!-- About Section -->\n        <section class=\"about-section\">\n            <div class=\"auto-container\">\n                <div class=\"row clearfix\">\n                \n                    <!-- Image Column -->\n                    <div class=\"image-column col-lg-5 col-md-12 col-sm-12\">\n                        <div class=\"inner-column\">\n                            <div class=\"image\" data-tilt data-tilt-max=\"3\">\n                                <img decoding=\"async\" src=\"https:\/\/themexriver.com\/wp\/gurumantra\/wp-content\/uploads\/2022\/01\/about-1.jpg\" alt=\"Awesome Image\">\n                            <\/div>\n                        <\/div>\n                    <\/div>\n                    \n                    <!-- Content Column -->\n                    <div class=\"content-column col-lg-7 col-md-12 col-sm-12\">\n                        <div class=\"inner-column\">\n                            <div class=\"sec-title\">\n                            \t                                <div class=\"title\">About Me<\/div>\n                                                                <h2>I help individuals to become their best version.<\/h2>\n                                <div class=\"text\">I am glad that you have made it here to send a distress signal, and inform the Senate that all on board were killed. Dantooine. I\u2019m not going to Alderaan. I really got to go. But that to me.<\/div>\n                            <\/div>\n                            <div class=\"row clearfix\">\n                            \t                                <!-- Column -->\n                                <div class=\"column col-lg-4 col-md-4 col-sm-12\">\n                                    <ul class=\"option-list elementor-repeater-item-e135fa5\">\n                                        <li>\n                                            <span class=\"icon transition-500ms flaticon-check\"><\/span>\n                                            Time to time <br> shedule                                        <\/li>\n                                    <\/ul>\n                                <\/div>\n                                                                <!-- Column -->\n                                <div class=\"column col-lg-4 col-md-4 col-sm-12\">\n                                    <ul class=\"option-list elementor-repeater-item-c0e5956\">\n                                        <li>\n                                            <span class=\"icon transition-500ms flaticon-check\"><\/span>\n                                            24\/7 Online <br> Suppport                                        <\/li>\n                                    <\/ul>\n                                <\/div>\n                                                                <!-- Column -->\n                                <div class=\"column col-lg-4 col-md-4 col-sm-12\">\n                                    <ul class=\"option-list elementor-repeater-item-34a9672\">\n                                        <li>\n                                            <span class=\"icon transition-500ms flaticon-check\"><\/span>\n                                            Man to <br> Optimize                                        <\/li>\n                                    <\/ul>\n                                <\/div>\n                                                            <\/div>\n                            \n                            <!-- Counter Box -->\n                            <div class=\"counter-box\">\n                                <!-- Fact Counter -->\n                                <div class=\"fact-counter\">\n                                    <div class=\"row clearfix\">\n                                    \t                                        <!-- Column -->\n                                        <div class=\"counter-column col-lg-4 col-md-4 col-sm-12\">\n                                            <div class=\"inner wow fadeInLeft\" data-wow-delay=\"0ms\" data-wow-duration=\"1500ms\">\n                                                <div class=\"content\">\n                                                    <div class=\"count-outer count-box\">\n                                                        <span class=\"count-text\" data-speed=\"2500\" data-stop=\"10\">0<\/span>k                                                    <\/div>\n                                                    <div class=\"counter-title\">Active students <br> worldwide<\/div>\n                                                <\/div>\n                                            <\/div>\n                                        <\/div>\n                                                                                <!-- Column -->\n                                        <div class=\"counter-column col-lg-4 col-md-4 col-sm-12\">\n                                            <div class=\"inner wow fadeInLeft\" data-wow-delay=\"0ms\" data-wow-duration=\"1500ms\">\n                                                <div class=\"content\">\n                                                    <div class=\"count-outer count-box\">\n                                                        <span class=\"count-text\" data-speed=\"2500\" data-stop=\"10\">0<\/span>k                                                    <\/div>\n                                                    <div class=\"counter-title\">Basement <br> in New York<\/div>\n                                                <\/div>\n                                            <\/div>\n                                        <\/div>\n                                                                                <!-- Column -->\n                                        <div class=\"counter-column col-lg-4 col-md-4 col-sm-12\">\n                                            <div class=\"inner wow fadeInLeft\" data-wow-delay=\"0ms\" data-wow-duration=\"1500ms\">\n                                                <div class=\"content\">\n                                                    <div class=\"count-outer count-box\">\n                                                        <span class=\"count-text\" data-speed=\"2500\" data-stop=\"2\">0<\/span>k                                                    <\/div>\n                                                    <div class=\"counter-title\">Cup of tea &amp; <br> coffee<\/div>\n                                                <\/div>\n                                            <\/div>\n                                        <\/div>\n                                                                            <\/div>\n                                <\/div>\n                            <\/div>\n                            <!-- End Counter Box -->\n                        <\/div>\n                    <\/div>\n                <\/div>\n            <\/div>\n        <\/section>\n        <!-- End About Section -->\n        \n        \t\t<\/div>\n\t\t\t\t<\/div>\n\t\t\t\t\t<\/div>\n\t\t<\/div>\n\t\t\t\t\t<\/div>\n\t\t<\/section>\n\t\t\t\t<section class=\"elementor-section elementor-top-section elementor-element elementor-element-0fdc6e9 elementor-section-full_width elementor-section-height-default elementor-section-height-default\" data-id=\"0fdc6e9\" data-element_type=\"section\">\n\t\t\t\t\t\t<div class=\"elementor-container elementor-column-gap-default\">\n\t\t\t\t\t<div class=\"elementor-column elementor-col-100 elementor-top-column elementor-element elementor-element-ae84cd5\" data-id=\"ae84cd5\" data-element_type=\"column\">\n\t\t\t<div class=\"elementor-widget-wrap elementor-element-populated\">\n\t\t\t\t\t\t<div class=\"elementor-element elementor-element-73a159b elementor-widget elementor-widget-gurumantra_services_v1\" data-id=\"73a159b\" data-element_type=\"widget\" data-widget_type=\"gurumantra_services_v1.default\">\n\t\t\t\t<div class=\"elementor-widget-container\">\n\t\t\t        \n        <!-- Services Section -->\n        <section class=\"services-section\">\n            <div class=\"auto-container\">\n                <div class=\"sec-title\">\n                    <div class=\"title color-two\">Services<\/div>\n                    <h2>Explore How can I Help You<\/h2>\n                <\/div>\n                <div class=\"inner-container\">\n                    <div class=\"services-carousel owl-carousel owl-theme\">\n                    \t                        <!-- Service Block -->\n                        <div class=\"service-block \">\n                            <div class=\"inner-box\">\n                                <div class=\"image\">\n                                    <a href=\"https:\/\/themexriver.com\/wp\/gurumantra\/services\/coaching\/\"><img decoding=\"async\" width=\"299\" height=\"350\" src=\"https:\/\/themexriver.com\/wp\/gurumantra\/wp-content\/uploads\/2022\/01\/service-1.jpg\" class=\"transition-500ms wp-post-image\" alt=\"\" srcset=\"https:\/\/themexriver.com\/wp\/gurumantra\/wp-content\/uploads\/2022\/01\/service-1.jpg 300w, https:\/\/themexriver.com\/wp\/gurumantra\/wp-content\/uploads\/2022\/01\/service-1-256x300.jpg 256w\" sizes=\"(max-width: 299px) 100vw, 299px\" \/><\/a>\n                                <\/div>\n                                <div class=\"lower-content\">\n                                \t                                    <div class=\"lessons\">20+ Lessons<\/div>\n                                                                        <div class=\"lower-box\">\n                                        <h4><a href=\"https:\/\/themexriver.com\/wp\/gurumantra\/services\/coaching\/\">Coaching<\/a><\/h4>\n                                    <\/div>\n                                <\/div>\n                            <\/div>\n                        <\/div>\n                                                <!-- Service Block -->\n                        <div class=\"service-block translate-top\">\n                            <div class=\"inner-box\">\n                                <div class=\"image\">\n                                    <a href=\"https:\/\/themexriver.com\/wp\/gurumantra\/services\/self-development\/\"><img decoding=\"async\" width=\"299\" height=\"350\" src=\"https:\/\/themexriver.com\/wp\/gurumantra\/wp-content\/uploads\/2022\/01\/service-2.jpg\" class=\"transition-500ms wp-post-image\" alt=\"\" srcset=\"https:\/\/themexriver.com\/wp\/gurumantra\/wp-content\/uploads\/2022\/01\/service-2.jpg 300w, https:\/\/themexriver.com\/wp\/gurumantra\/wp-content\/uploads\/2022\/01\/service-2-256x300.jpg 256w\" sizes=\"(max-width: 299px) 100vw, 299px\" \/><\/a>\n                                <\/div>\n                                <div class=\"lower-content\">\n                                \t                                    <div class=\"lessons\">20+ Lessons<\/div>\n                                                                        <div class=\"lower-box\">\n                                        <h4><a href=\"https:\/\/themexriver.com\/wp\/gurumantra\/services\/self-development\/\">Self Development<\/a><\/h4>\n                                    <\/div>\n                                <\/div>\n                            <\/div>\n                        <\/div>\n                                                <!-- Service Block -->\n                        <div class=\"service-block \">\n                            <div class=\"inner-box\">\n                                <div class=\"image\">\n                                    <a href=\"https:\/\/themexriver.com\/wp\/gurumantra\/services\/consulting\/\"><img loading=\"lazy\" decoding=\"async\" width=\"299\" height=\"350\" src=\"https:\/\/themexriver.com\/wp\/gurumantra\/wp-content\/uploads\/2022\/01\/service-3.jpg\" class=\"transition-500ms wp-post-image\" alt=\"\" srcset=\"https:\/\/themexriver.com\/wp\/gurumantra\/wp-content\/uploads\/2022\/01\/service-3.jpg 300w, https:\/\/themexriver.com\/wp\/gurumantra\/wp-content\/uploads\/2022\/01\/service-3-256x300.jpg 256w\" sizes=\"(max-width: 299px) 100vw, 299px\" \/><\/a>\n                                <\/div>\n                                <div class=\"lower-content\">\n                                \t                                    <div class=\"lessons\">20+ Lessons<\/div>\n                                                                        <div class=\"lower-box\">\n                                        <h4><a href=\"https:\/\/themexriver.com\/wp\/gurumantra\/services\/consulting\/\">Consulting<\/a><\/h4>\n                                    <\/div>\n                                <\/div>\n                            <\/div>\n                        <\/div>\n                                                <!-- Service Block -->\n                        <div class=\"service-block translate-top\">\n                            <div class=\"inner-box\">\n                                <div class=\"image\">\n                                    <a href=\"https:\/\/themexriver.com\/wp\/gurumantra\/services\/courses\/\"><img loading=\"lazy\" decoding=\"async\" width=\"299\" height=\"350\" src=\"https:\/\/themexriver.com\/wp\/gurumantra\/wp-content\/uploads\/2022\/01\/service-4.jpg\" class=\"transition-500ms wp-post-image\" alt=\"\" srcset=\"https:\/\/themexriver.com\/wp\/gurumantra\/wp-content\/uploads\/2022\/01\/service-4.jpg 300w, https:\/\/themexriver.com\/wp\/gurumantra\/wp-content\/uploads\/2022\/01\/service-4-256x300.jpg 256w\" sizes=\"(max-width: 299px) 100vw, 299px\" \/><\/a>\n                                <\/div>\n                                <div class=\"lower-content\">\n                                \t                                    <div class=\"lessons\">20+ Lessons<\/div>\n                                                                        <div class=\"lower-box\">\n                                        <h4><a href=\"https:\/\/themexriver.com\/wp\/gurumantra\/services\/courses\/\">Courses<\/a><\/h4>\n                                    <\/div>\n                                <\/div>\n                            <\/div>\n                        <\/div>\n                                                <!-- Service Block -->\n                        <div class=\"service-block \">\n                            <div class=\"inner-box\">\n                                <div class=\"image\">\n                                    <a href=\"https:\/\/themexriver.com\/wp\/gurumantra\/services\/lifetime-support\/\"><img loading=\"lazy\" decoding=\"async\" width=\"299\" height=\"350\" src=\"https:\/\/themexriver.com\/wp\/gurumantra\/wp-content\/uploads\/2022\/01\/service-5.jpg\" class=\"transition-500ms wp-post-image\" alt=\"\" srcset=\"https:\/\/themexriver.com\/wp\/gurumantra\/wp-content\/uploads\/2022\/01\/service-5.jpg 300w, https:\/\/themexriver.com\/wp\/gurumantra\/wp-content\/uploads\/2022\/01\/service-5-256x300.jpg 256w\" sizes=\"(max-width: 299px) 100vw, 299px\" \/><\/a>\n                                <\/div>\n                                <div class=\"lower-content\">\n                                \t                                    <div class=\"lessons\">20+ Lessons<\/div>\n                                                                        <div class=\"lower-box\">\n                                        <h4><a href=\"https:\/\/themexriver.com\/wp\/gurumantra\/services\/lifetime-support\/\">Lifetime Support<\/a><\/h4>\n                                    <\/div>\n                                <\/div>\n                            <\/div>\n                        <\/div>\n                                            <\/div>\n                <\/div>\n            <\/div>\n        <\/section>\n        <!-- End Services Section -->\n        \n        \t\t<\/div>\n\t\t\t\t<\/div>\n\t\t\t\t\t<\/div>\n\t\t<\/div>\n\t\t\t\t\t<\/div>\n\t\t<\/section>\n\t\t\t\t<section class=\"elementor-section elementor-top-section elementor-element elementor-element-6ce5bfc elementor-section-full_width elementor-section-height-default elementor-section-height-default\" data-id=\"6ce5bfc\" data-element_type=\"section\">\n\t\t\t\t\t\t<div class=\"elementor-container elementor-column-gap-default\">\n\t\t\t\t\t<div class=\"elementor-column elementor-col-100 elementor-top-column elementor-element elementor-element-6e40f46\" data-id=\"6e40f46\" data-element_type=\"column\">\n\t\t\t<div class=\"elementor-widget-wrap elementor-element-populated\">\n\t\t\t\t\t\t<div class=\"elementor-element elementor-element-1d2b0da elementor-widget elementor-widget-gurumantra_get_access\" data-id=\"1d2b0da\" data-element_type=\"widget\" data-widget_type=\"gurumantra_get_access.default\">\n\t\t\t\t<div class=\"elementor-widget-container\">\n\t\t\t        \n        <!-- Course Section -->\n        <section class=\"course-section\">\n            <div class=\"auto-container\">\n                <div class=\"row clearfix\">\n                \n                    <!-- Title Column -->\n                    <div class=\"title-column col-lg-6 col-md-12 col-sm-12\">\n                        <div class=\"inner-column\">\n                            <div class=\"sec-title\">\n                            \t                                <div class=\"title color-three\">Get Instant Access to The Free<\/div>\n                                                                <h2>Self Development Course<\/h2>\n                                <div class=\"text\">I am glad that you have made it here to send a distress signal, and inform the Senate that all on board were killed. Dantooine. I\u2019m not going to Alderaan. I really got to go. But that to me.<\/div>\n                            <\/div>\n                            \n                                                        <!-- Email Box -->\n                            <div class=\"email-box\">\n                            \t\n<div class=\"wpcf7 no-js\" id=\"wpcf7-f63-o1\" lang=\"en-US\" dir=\"ltr\">\n<div class=\"screen-reader-response\"><p role=\"status\" aria-live=\"polite\" aria-atomic=\"true\"><\/p> <ul><\/ul><\/div>\n<form action=\"\/wp\/gurumantra\/wp-json\/wp\/v2\/pages\/21#wpcf7-f63-o1\" method=\"post\" class=\"wpcf7-form init\" aria-label=\"Contact form\" novalidate=\"novalidate\" data-status=\"init\">\n<div style=\"display: none;\">\n<input type=\"hidden\" name=\"_wpcf7\" value=\"63\" \/>\n<input type=\"hidden\" name=\"_wpcf7_version\" value=\"5.9.8\" \/>\n<input type=\"hidden\" name=\"_wpcf7_locale\" value=\"en_US\" \/>\n<input type=\"hidden\" name=\"_wpcf7_unit_tag\" value=\"wpcf7-f63-o1\" \/>\n<input type=\"hidden\" name=\"_wpcf7_container_post\" value=\"0\" \/>\n<input type=\"hidden\" name=\"_wpcf7_posted_data_hash\" value=\"\" \/>\n<\/div>\n<div class=\"form-group\">\n\t<p><span class=\"icon flaticon-envelope\"><\/span><span class=\"wpcf7-form-control-wrap\" data-name=\"your-email\"><input size=\"40\" maxlength=\"400\" class=\"wpcf7-form-control wpcf7-email wpcf7-validates-as-required wpcf7-text wpcf7-validates-as-email\" aria-required=\"true\" aria-invalid=\"false\" placeholder=\"Email address\" value=\"\" type=\"email\" name=\"your-email\" \/><\/span><br \/>\n<button type=\"submit\" class=\"theme-btn btn-style-three\"><span class=\"txt\">Start For Free<\/span><\/button>\n\t<\/p>\n<\/div><div class=\"wpcf7-response-output\" aria-hidden=\"true\"><\/div>\n<\/form>\n<\/div>\n                            <\/div>\n                                                    <\/div>\n                    <\/div>\n                    \n                    <!-- Video Column -->\n                    <div class=\"video-column col-lg-6 col-md-12 col-sm-12\">\n                        <div class=\"inner-column wow fadeInRight\" data-wow-delay=\"0ms\" data-wow-duration=\"1500ms\">\n                            <div class=\"pattern-layer\" style=\"background-image: url(https:\/\/themexriver.com\/wp\/gurumantra\/wp-content\/themes\/gurumantra\/assets\/images\/background\/pattern-1.png)\"><\/div>\n                            <!-- Video Box -->\n                            <div class=\"video-box\">\n                                <figure class=\"video-image\">\n                                \t<img decoding=\"async\" src=\"https:\/\/themexriver.com\/wp\/gurumantra\/wp-content\/uploads\/2022\/01\/video-image.jpg\" class=\"transition-500ms\" alt=\"Awesome Image\">\n                                <\/figure>\n                                                                <a href=\"https:\/\/www.youtube.com\/watch?v=kxPCFljwJws\" class=\"lightbox-image overlay-box\"><span class=\"transition-900ms\">Play<i class=\"ripple\"><\/i><\/span><\/a>\n                                                            <\/div>\n                        <\/div>\n                    <\/div>\n                    \n                <\/div>\n            <\/div>\n        <\/section>\n        <!-- End Course Section -->\n        \n        \t\t<\/div>\n\t\t\t\t<\/div>\n\t\t\t\t\t<\/div>\n\t\t<\/div>\n\t\t\t\t\t<\/div>\n\t\t<\/section>\n\t\t\t\t<section class=\"elementor-section elementor-top-section elementor-element elementor-element-20db0c2 elementor-section-full_width elementor-section-height-default elementor-section-height-default\" data-id=\"20db0c2\" data-element_type=\"section\">\n\t\t\t\t\t\t<div class=\"elementor-container elementor-column-gap-default\">\n\t\t\t\t\t<div class=\"elementor-column elementor-col-100 elementor-top-column elementor-element elementor-element-7839b9e\" data-id=\"7839b9e\" data-element_type=\"column\">\n\t\t\t<div class=\"elementor-widget-wrap elementor-element-populated\">\n\t\t\t\t\t\t<div class=\"elementor-element elementor-element-5054b0b elementor-widget elementor-widget-gurumantra_solution_process\" data-id=\"5054b0b\" data-element_type=\"widget\" data-widget_type=\"gurumantra_solution_process.default\">\n\t\t\t\t<div class=\"elementor-widget-container\">\n\t\t\t        \n        <!-- Process Section -->\n        <section class=\"process-section\" style=\"background-image: url(https:\/\/themexriver.com\/wp\/gurumantra\/wp-content\/themes\/gurumantra\/assets\/images\/background\/pattern-2.png)\">\n            <div class=\"auto-container\">\n                <!-- Sec Title -->\n                <div class=\"sec-title light\">\n                \t                    <div class=\"title\">Process<\/div>\n                                        <h2>Our Solution Process<\/h2>\n                <\/div>\n                <div class=\"row clearfix\">\n                                        <!-- Process Block -->\n                    <div class=\"process-block col-xl-3 col-lg-6 col-md-6 col-sm-12\">\n                        <div class=\"inner-box transition-300ms\">\n                            <div class=\"icon transition-500ms flaticon-planning\"><\/div>\n                            <div class=\"step\">step 01<\/div>\n                            <h4><a href=\"https:\/\/themexriver.com\/wp\/gurumantra\/services\/coaching\/\">Plan For Work<\/a><\/h4>\n                            <div class=\"text\">Through plans, you break down a process into small and identify the things you accomplish..<\/div>\n                        <\/div>\n                    <\/div>\n                                        <!-- Process Block -->\n                    <div class=\"process-block col-xl-3 col-lg-6 col-md-6 col-sm-12\">\n                        <div class=\"inner-box transition-300ms\">\n                            <div class=\"icon transition-500ms flaticon-implement\"><\/div>\n                            <div class=\"step\">step 02<\/div>\n                            <h4><a href=\"https:\/\/themexriver.com\/wp\/gurumantra\/services\/self-development\/\">Implementation<\/a><\/h4>\n                            <div class=\"text\">Through plans, you break down a process into small and identify the things you accomplish..<\/div>\n                        <\/div>\n                    <\/div>\n                                        <!-- Process Block -->\n                    <div class=\"process-block col-xl-3 col-lg-6 col-md-6 col-sm-12\">\n                        <div class=\"inner-box transition-300ms\">\n                            <div class=\"icon transition-500ms flaticon-friend\"><\/div>\n                            <div class=\"step\">step 03<\/div>\n                            <h4><a href=\"https:\/\/themexriver.com\/wp\/gurumantra\/services\/consulting\/\">Consultancy<\/a><\/h4>\n                            <div class=\"text\">Through plans, you break down a process into small and identify the things you accomplish..<\/div>\n                        <\/div>\n                    <\/div>\n                                        <!-- Process Block -->\n                    <div class=\"process-block col-xl-3 col-lg-6 col-md-6 col-sm-12\">\n                        <div class=\"inner-box transition-300ms\">\n                            <div class=\"icon transition-500ms flaticon-finish-line\"><\/div>\n                            <div class=\"step\">step 04<\/div>\n                            <h4><a href=\"https:\/\/themexriver.com\/wp\/gurumantra\/services\/courses\/\">Project Closure<\/a><\/h4>\n                            <div class=\"text\">Through plans, you break down a process into small and identify the things you accomplish..<\/div>\n                        <\/div>\n                    <\/div>\n                                    <\/div>\n            <\/div>\n        <\/section>\n        <!-- End Process Section -->\n        \n        \t\t<\/div>\n\t\t\t\t<\/div>\n\t\t\t\t\t<\/div>\n\t\t<\/div>\n\t\t\t\t\t<\/div>\n\t\t<\/section>\n\t\t\t\t<section class=\"elementor-section elementor-top-section elementor-element elementor-element-e10d921 elementor-section-full_width elementor-section-height-default elementor-section-height-default\" data-id=\"e10d921\" data-element_type=\"section\">\n\t\t\t\t\t\t<div class=\"elementor-container elementor-column-gap-default\">\n\t\t\t\t\t<div class=\"elementor-column elementor-col-100 elementor-top-column elementor-element elementor-element-15a377d\" data-id=\"15a377d\" data-element_type=\"column\">\n\t\t\t<div class=\"elementor-widget-wrap elementor-element-populated\">\n\t\t\t\t\t\t<div class=\"elementor-element elementor-element-91d5a2c elementor-widget elementor-widget-gurumantra_our_courses_v1\" data-id=\"91d5a2c\" data-element_type=\"widget\" data-widget_type=\"gurumantra_our_courses_v1.default\">\n\t\t\t\t<div class=\"elementor-widget-container\">\n\t\t\t\t\t\n        <!-- Course Section Two -->\n        <section class=\"course-section-two\">\n            <div class=\"auto-container\">\n                <!-- Sec Title -->\n                                <div class=\"sec-title centered\">\n                    <div class=\"title color-four\">Featured<\/div>\n                    <h2>Featured Courses<\/h2>\n                <\/div>\n                                <div class=\"row clearfix\">\n                    \n                    <!-- Course Block -->\n                                        <div class=\"course-block col-lg-3 col-md-6 col-sm-12\">\n                        <div class=\"inner-box wow fadeInLeft\" data-wow-delay=\"0ms\" data-wow-duration=\"1500ms\">\n                                                        <div class=\"image\">\n                                <a href=\"https:\/\/themexriver.com\/wp\/gurumantra\/courses\/global-master-of-business-administration\/\">\n                                \t<img loading=\"lazy\" decoding=\"async\" width=\"300\" height=\"200\" src=\"https:\/\/themexriver.com\/wp\/gurumantra\/wp-content\/uploads\/2022\/01\/course-3.jpg\" class=\"transition-500ms wp-post-image\" alt=\"\" \/>                                <\/a>\n                            <\/div>\n                                                        <div class=\"lower-content\">\n                                <h5><a href=\"https:\/\/themexriver.com\/wp\/gurumantra\/courses\/global-master-of-business-administration\/\">Global Master of Business Administration<\/a><\/h5>\n                                <ul class=\"post-info\">\n                                    <li><span class=\"icon flaticon-book-1\"><\/span>Expert<\/li>\n                                    \n                                                                        <li><span class=\"icon flaticon-trophy\"><\/span><span class=\"tutor-meta-level\"> 59<\/span><span class=\"tutor-meta-value tutor-color-secondary tutor-mr-4\"> minutes<\/span><\/li>\n                                                                    <\/ul>\n                            <\/div>\n                        <\/div>\n                    <\/div>\n                                        <div class=\"course-block col-lg-3 col-md-6 col-sm-12\">\n                        <div class=\"inner-box wow fadeInLeft\" data-wow-delay=\"0ms\" data-wow-duration=\"1500ms\">\n                                                        <div class=\"image\">\n                                <a href=\"https:\/\/themexriver.com\/wp\/gurumantra\/courses\/learning-programing-language-python\/\">\n                                \t<img loading=\"lazy\" decoding=\"async\" width=\"300\" height=\"200\" src=\"https:\/\/themexriver.com\/wp\/gurumantra\/wp-content\/uploads\/2022\/01\/course-4.jpg\" class=\"transition-500ms wp-post-image\" alt=\"\" \/>                                <\/a>\n                            <\/div>\n                                                        <div class=\"lower-content\">\n                                <h5><a href=\"https:\/\/themexriver.com\/wp\/gurumantra\/courses\/learning-programing-language-python\/\">Learning Programing Language Python<\/a><\/h5>\n                                <ul class=\"post-info\">\n                                    <li><span class=\"icon flaticon-book-1\"><\/span>Beginner<\/li>\n                                    \n                                                                        <li><span class=\"icon flaticon-trophy\"><\/span><span class=\"tutor-meta-level\"> 32<\/span><span class=\"tutor-meta-value tutor-color-secondary tutor-mr-4\"> minutes<\/span><\/li>\n                                                                    <\/ul>\n                            <\/div>\n                        <\/div>\n                    <\/div>\n                                        <div class=\"course-block col-lg-3 col-md-6 col-sm-12\">\n                        <div class=\"inner-box wow fadeInLeft\" data-wow-delay=\"0ms\" data-wow-duration=\"1500ms\">\n                                                        <div class=\"image\">\n                                <a href=\"https:\/\/themexriver.com\/wp\/gurumantra\/courses\/computer-fundamentals-basic-startup\/\">\n                                \t<img loading=\"lazy\" decoding=\"async\" width=\"300\" height=\"200\" src=\"https:\/\/themexriver.com\/wp\/gurumantra\/wp-content\/uploads\/2022\/01\/course-1.jpg\" class=\"transition-500ms wp-post-image\" alt=\"\" \/>                                <\/a>\n                            <\/div>\n                                                        <div class=\"lower-content\">\n                                <h5><a href=\"https:\/\/themexriver.com\/wp\/gurumantra\/courses\/computer-fundamentals-basic-startup\/\">Computer Fundamentals Basic Startup<\/a><\/h5>\n                                <ul class=\"post-info\">\n                                    <li><span class=\"icon flaticon-book-1\"><\/span>Expert<\/li>\n                                    \n                                                                        <li><span class=\"icon flaticon-trophy\"><\/span><span class=\"tutor-meta-level\"> 35<\/span><span class=\"tutor-meta-value tutor-color-secondary tutor-mr-4\"> minutes<\/span><\/li>\n                                                                    <\/ul>\n                            <\/div>\n                        <\/div>\n                    <\/div>\n                                        <div class=\"course-block col-lg-3 col-md-6 col-sm-12\">\n                        <div class=\"inner-box wow fadeInLeft\" data-wow-delay=\"0ms\" data-wow-duration=\"1500ms\">\n                                                        <div class=\"image\">\n                                <a href=\"https:\/\/themexriver.com\/wp\/gurumantra\/courses\/master-of-business-administration-mba\/\">\n                                \t<img loading=\"lazy\" decoding=\"async\" width=\"300\" height=\"200\" src=\"https:\/\/themexriver.com\/wp\/gurumantra\/wp-content\/uploads\/2022\/01\/course-2.jpg\" class=\"transition-500ms wp-post-image\" alt=\"\" \/>                                <\/a>\n                            <\/div>\n                                                        <div class=\"lower-content\">\n                                <h5><a href=\"https:\/\/themexriver.com\/wp\/gurumantra\/courses\/master-of-business-administration-mba\/\">Master of Business Administration (MBA)<\/a><\/h5>\n                                <ul class=\"post-info\">\n                                    <li><span class=\"icon flaticon-book-1\"><\/span>All Levels<\/li>\n                                    \n                                                                        <li><span class=\"icon flaticon-trophy\"><\/span><span class=\"tutor-meta-level\"> 45<\/span><span class=\"tutor-meta-value tutor-color-secondary tutor-mr-4\"> minutes<\/span><\/li>\n                                                                    <\/ul>\n                            <\/div>\n                        <\/div>\n                    <\/div>\n                                        \n                <\/div>\n            <\/div>\n        <\/section>\n        <!-- End Course Section Two -->\n        \n        \t\t<\/div>\n\t\t\t\t<\/div>\n\t\t\t\t\t<\/div>\n\t\t<\/div>\n\t\t\t\t\t<\/div>\n\t\t<\/section>\n\t\t\t\t<section class=\"elementor-section elementor-top-section elementor-element elementor-element-bfb276c elementor-section-full_width elementor-section-height-default elementor-section-height-default\" data-id=\"bfb276c\" data-element_type=\"section\">\n\t\t\t\t\t\t<div class=\"elementor-container elementor-column-gap-default\">\n\t\t\t\t\t<div class=\"elementor-column elementor-col-100 elementor-top-column elementor-element elementor-element-720bf0b\" data-id=\"720bf0b\" data-element_type=\"column\">\n\t\t\t<div class=\"elementor-widget-wrap elementor-element-populated\">\n\t\t\t\t\t\t<div class=\"elementor-element elementor-element-591755a elementor-widget elementor-widget-gurumantra_become_partner\" data-id=\"591755a\" data-element_type=\"widget\" data-widget_type=\"gurumantra_become_partner.default\">\n\t\t\t\t<div class=\"elementor-widget-container\">\n\t\t\t        \n        <!-- Clients Section -->\n        <section class=\"clients-section\">\n            <div class=\"auto-container\">\n                <div class=\"row clearfix\">\n                \t                    <!-- Client Block -->\n                    <div class=\"client-block col-lg-6 col-md-12 col-sm-12 elementor-repeater-item-c3b1b3c\">\n                        <div class=\"inner-box\">\n                            <div class=\"content\">\n                                <span class=\"icon flaticon-open-book\"><\/span>\n                                <h4>Become a Partner of <span>gurumantra<\/span><\/h4>\n                                <div class=\"text\">To take a trivial example, which of us undertakes laborious physical exercise yes is this happen here.<\/div>\n                            <\/div>\n                        <\/div>\n                    <\/div>\n                                        <!-- Client Block -->\n                    <div class=\"client-block col-lg-6 col-md-12 col-sm-12 elementor-repeater-item-b0b564e\">\n                        <div class=\"inner-box\">\n                            <div class=\"content\">\n                                <span class=\"icon flaticon-briefcase-3\"><\/span>\n                                <h4>Career Opportunities in <span>gurumantra<\/span><\/h4>\n                                <div class=\"text\">To take a trivial example, which of us undertakes laborious physical exercise yes is this happen here.<\/div>\n                            <\/div>\n                        <\/div>\n                    <\/div>\n                                    <\/div>\n            <\/div>\n        <\/section>\n        <!-- End Clients Section -->\n        \n        \t\t<\/div>\n\t\t\t\t<\/div>\n\t\t\t\t\t<\/div>\n\t\t<\/div>\n\t\t\t\t\t<\/div>\n\t\t<\/section>\n\t\t\t\t<section class=\"elementor-section elementor-top-section elementor-element elementor-element-6eebd02 elementor-section-full_width elementor-section-height-default elementor-section-height-default\" data-id=\"6eebd02\" data-element_type=\"section\">\n\t\t\t\t\t\t<div class=\"elementor-container elementor-column-gap-default\">\n\t\t\t\t\t<div class=\"elementor-column elementor-col-100 elementor-top-column elementor-element elementor-element-d9c4c21\" data-id=\"d9c4c21\" data-element_type=\"column\">\n\t\t\t<div class=\"elementor-widget-wrap elementor-element-populated\">\n\t\t\t\t\t\t<div class=\"elementor-element elementor-element-83adde4 elementor-widget elementor-widget-gurumantra_testimonials_v1\" data-id=\"83adde4\" data-element_type=\"widget\" data-widget_type=\"gurumantra_testimonials_v1.default\">\n\t\t\t\t<div class=\"elementor-widget-container\">\n\t\t\t        \n        <!-- Testimonial Section -->\n        <section class=\"testimonial-section\">\n            <div class=\"auto-container\">\n                <!-- Sec Title -->\n                <div class=\"sec-title centered\">\n                \t                    <div class=\"title color-four\">Testimonials<\/div>\n                                        <h2>Hear out what my clients <br> say about me.<\/h2>\n                <\/div>\n                <div class=\"testimonial-carousel owl-carousel owl-theme\">\n                                        <!-- Testimonial Block -->\n                    <div class=\"testimonial-block\">\n                        <div class=\"inner-box\">\n                            <div class=\"upper-box\">\n                                <span class=\"quote-icon flaticon-quote-3\"><\/span>\n                                <div class=\"rating\">\n                                \t<span class=\"fa fa-star\"><\/span><span class=\"fa fa-star\"><\/span><span class=\"fa fa-star\"><\/span><span class=\"fa fa-star\"><\/span><span class=\"fa fa-star\"><\/span>                                <\/div>\n                                <div class=\"text\">&#8221; It\u2019s amazing how much easier it has been to meet new people and create instant connection. I have the exact same personality, the only thing that has changed is my mindset and a few behaviors. &#8220;<\/div>\n                            <\/div>\n                            <div class=\"lower-box\">\n                                <div class=\"box-inner\">\n                                    <div class=\"author-image\">\n                                        <img loading=\"lazy\" decoding=\"async\" width=\"80\" height=\"80\" src=\"https:\/\/themexriver.com\/wp\/gurumantra\/wp-content\/uploads\/2022\/01\/author-1.jpg\" class=\"attachment-gurumantra_80x80 size-gurumantra_80x80 wp-post-image\" alt=\"\" srcset=\"https:\/\/themexriver.com\/wp\/gurumantra\/wp-content\/uploads\/2022\/01\/author-1.jpg 80w, https:\/\/themexriver.com\/wp\/gurumantra\/wp-content\/uploads\/2022\/01\/author-1-70x70.jpg 70w\" sizes=\"(max-width: 80px) 100vw, 80px\" \/>                                    <\/div>\n                                    <h5>Alaxis D. Dowson<\/h5>\n                                    <div class=\"designation\">Head Of Idea<\/div>\n                                <\/div>\n                            <\/div>\n                        <\/div>\n                    <\/div>\n                                        <!-- Testimonial Block -->\n                    <div class=\"testimonial-block\">\n                        <div class=\"inner-box\">\n                            <div class=\"upper-box\">\n                                <span class=\"quote-icon flaticon-quote-3\"><\/span>\n                                <div class=\"rating\">\n                                \t<span class=\"fa fa-star\"><\/span><span class=\"fa fa-star\"><\/span><span class=\"fa fa-star\"><\/span><span class=\"fa fa-star\"><\/span><span class=\"fa fa-star-o\"><\/span>                                <\/div>\n                                <div class=\"text\">&#8221; It\u2019s amazing how much easier it has been to meet new people and create instant connection. I have the exact same personality, the only thing that has changed is my mindset and a few behaviors. &#8220;<\/div>\n                            <\/div>\n                            <div class=\"lower-box\">\n                                <div class=\"box-inner\">\n                                    <div class=\"author-image\">\n                                        <img loading=\"lazy\" decoding=\"async\" width=\"80\" height=\"80\" src=\"https:\/\/themexriver.com\/wp\/gurumantra\/wp-content\/uploads\/2022\/01\/author-2.jpg\" class=\"attachment-gurumantra_80x80 size-gurumantra_80x80 wp-post-image\" alt=\"\" srcset=\"https:\/\/themexriver.com\/wp\/gurumantra\/wp-content\/uploads\/2022\/01\/author-2.jpg 80w, https:\/\/themexriver.com\/wp\/gurumantra\/wp-content\/uploads\/2022\/01\/author-2-70x70.jpg 70w\" sizes=\"(max-width: 80px) 100vw, 80px\" \/>                                    <\/div>\n                                    <h5>Alaxis D. Dowson<\/h5>\n                                    <div class=\"designation\">Head Of Idea<\/div>\n                                <\/div>\n                            <\/div>\n                        <\/div>\n                    <\/div>\n                                        <!-- Testimonial Block -->\n                    <div class=\"testimonial-block\">\n                        <div class=\"inner-box\">\n                            <div class=\"upper-box\">\n                                <span class=\"quote-icon flaticon-quote-3\"><\/span>\n                                <div class=\"rating\">\n                                \t<span class=\"fa fa-star\"><\/span><span class=\"fa fa-star\"><\/span><span class=\"fa fa-star\"><\/span><span class=\"fa fa-star\"><\/span><span class=\"fa fa-star\"><\/span>                                <\/div>\n                                <div class=\"text\">&#8221; It\u2019s amazing how much easier it has been to meet new people and create instant connection. I have the exact same personality, the only thing that has changed is my mindset and a few behaviors. &#8220;<\/div>\n                            <\/div>\n                            <div class=\"lower-box\">\n                                <div class=\"box-inner\">\n                                    <div class=\"author-image\">\n                                        <img loading=\"lazy\" decoding=\"async\" width=\"80\" height=\"80\" src=\"https:\/\/themexriver.com\/wp\/gurumantra\/wp-content\/uploads\/2022\/01\/author-1.jpg\" class=\"attachment-gurumantra_80x80 size-gurumantra_80x80 wp-post-image\" alt=\"\" srcset=\"https:\/\/themexriver.com\/wp\/gurumantra\/wp-content\/uploads\/2022\/01\/author-1.jpg 80w, https:\/\/themexriver.com\/wp\/gurumantra\/wp-content\/uploads\/2022\/01\/author-1-70x70.jpg 70w\" sizes=\"(max-width: 80px) 100vw, 80px\" \/>                                    <\/div>\n                                    <h5>Alaxis D. Dowson<\/h5>\n                                    <div class=\"designation\">Head Of Idea<\/div>\n                                <\/div>\n                            <\/div>\n                        <\/div>\n                    <\/div>\n                                        <!-- Testimonial Block -->\n                    <div class=\"testimonial-block\">\n                        <div class=\"inner-box\">\n                            <div class=\"upper-box\">\n                                <span class=\"quote-icon flaticon-quote-3\"><\/span>\n                                <div class=\"rating\">\n                                \t<span class=\"fa fa-star\"><\/span><span class=\"fa fa-star\"><\/span><span class=\"fa fa-star\"><\/span><span class=\"fa fa-star\"><\/span><span class=\"fa fa-star-o\"><\/span>                                <\/div>\n                                <div class=\"text\">&#8221; It\u2019s amazing how much easier it has been to meet new people and create instant connection. I have the exact same personality, the only thing that has changed is my mindset and a few behaviors. &#8220;<\/div>\n                            <\/div>\n                            <div class=\"lower-box\">\n                                <div class=\"box-inner\">\n                                    <div class=\"author-image\">\n                                        <img loading=\"lazy\" decoding=\"async\" width=\"80\" height=\"80\" src=\"https:\/\/themexriver.com\/wp\/gurumantra\/wp-content\/uploads\/2022\/01\/author-2.jpg\" class=\"attachment-gurumantra_80x80 size-gurumantra_80x80 wp-post-image\" alt=\"\" srcset=\"https:\/\/themexriver.com\/wp\/gurumantra\/wp-content\/uploads\/2022\/01\/author-2.jpg 80w, https:\/\/themexriver.com\/wp\/gurumantra\/wp-content\/uploads\/2022\/01\/author-2-70x70.jpg 70w\" sizes=\"(max-width: 80px) 100vw, 80px\" \/>                                    <\/div>\n                                    <h5>Alaxis D. Dowson<\/h5>\n                                    <div class=\"designation\">Head Of Idea<\/div>\n                                <\/div>\n                            <\/div>\n                        <\/div>\n                    <\/div>\n                                    <\/div>\n            <\/div>\n        <\/section>\n        <!-- End Testimonial Section -->\n        \n        \t\t<\/div>\n\t\t\t\t<\/div>\n\t\t\t\t\t<\/div>\n\t\t<\/div>\n\t\t\t\t\t<\/div>\n\t\t<\/section>\n\t\t\t\t<section class=\"elementor-section elementor-top-section elementor-element elementor-element-cde1a7d elementor-section-full_width elementor-section-height-default elementor-section-height-default\" data-id=\"cde1a7d\" data-element_type=\"section\">\n\t\t\t\t\t\t<div class=\"elementor-container elementor-column-gap-default\">\n\t\t\t\t\t<div class=\"elementor-column elementor-col-100 elementor-top-column elementor-element elementor-element-ea870b9\" data-id=\"ea870b9\" data-element_type=\"column\">\n\t\t\t<div class=\"elementor-widget-wrap elementor-element-populated\">\n\t\t\t\t\t\t<div class=\"elementor-element elementor-element-38f7d4b elementor-widget elementor-widget-gurumantra_blog_v1\" data-id=\"38f7d4b\" data-element_type=\"widget\" data-widget_type=\"gurumantra_blog_v1.default\">\n\t\t\t\t<div class=\"elementor-widget-container\">\n\t\t\t        \n        <!-- News Section -->\n        <section class=\"news-section\">\n            <div class=\"auto-container\">\n                <!-- Sec Title -->\n                <div class=\"sec-title\">\n                \t                    <div class=\"title color-three\">Insights<\/div>\n                                        <h2>Company Blog &amp; Insights<\/h2>\n                <\/div>\n                <div class=\"row clearfix\">\n                \t                    <!-- News Block -->\n                    <div class=\"news-block col-lg-6 col-md-6 col-sm-12\">\n                        <div class=\"inner-box wow fadeInLeft\" data-wow-delay=\"0ms\" data-wow-duration=\"1500ms\">\n                            <div class=\"post-date\">January 7, 2022<\/div>\n                            <h3><a href=\"https:\/\/themexriver.com\/wp\/gurumantra\/stop-ignoring-these-7-inspiring-how-to-be-1-better-every-day\/\">Stop Ignoring These 7 Inspiring. How to be 1% Better Every Day<\/a><\/h3>\n                            <div class=\"author-box\">\n                                <div class=\"box-inner\">\n                                    <div class=\"author-image\">\n                                        <img alt='' src='https:\/\/secure.gravatar.com\/avatar\/71a77267f30008ab3eef4b020e1b29155945405731d0f1e44dbc349e0ac7723e?s=80&#038;d=mm&#038;r=g' srcset='https:\/\/secure.gravatar.com\/avatar\/71a77267f30008ab3eef4b020e1b29155945405731d0f1e44dbc349e0ac7723e?s=160&#038;d=mm&#038;r=g 2x' class='avatar avatar-80 photo' height='80' width='80' \/>                                    <\/div>\n                                    <h5>gurumantra<\/h5>\n                                    <div class=\"designation\">Author<\/div>\n                                <\/div>\n                            <\/div>\n                        <\/div>\n                    <\/div>\n                                        <!-- News Block -->\n                    <div class=\"news-block style-two col-lg-3 col-md-6 col-sm-12\">\n                        <div class=\"inner-box wow fadeInRight\" data-wow-delay=\"0ms\" data-wow-duration=\"1500ms\">\n                            <div class=\"post-date\">January 7, 2022<\/div>\n                            <h3><a href=\"https:\/\/themexriver.com\/wp\/gurumantra\/to-carry-out-put-into-performto-implement-a-plan\/\">To carry out put into performto implement a plan.<\/a><\/h3>\n                            <div class=\"author-box\">\n                                <h5>gurumantra<\/h5>\n                                <div class=\"designation\">Author<\/div>\n                            <\/div>\n                        <\/div>\n                    <\/div>\n                                        <!-- News Block -->\n                    <div class=\"news-block style-two col-lg-3 col-md-6 col-sm-12\">\n                        <div class=\"inner-box wow fadeInRight\" data-wow-delay=\"0ms\" data-wow-duration=\"1500ms\">\n                            <div class=\"post-date\">January 7, 2022<\/div>\n                            <h3><a href=\"https:\/\/themexriver.com\/wp\/gurumantra\/it-involves-handing-over-to-customer-passing\/\">It involves handing over to customer, passing.<\/a><\/h3>\n                            <div class=\"author-box\">\n                                <h5>gurumantra<\/h5>\n                                <div class=\"designation\">Author<\/div>\n                            <\/div>\n                        <\/div>\n                    <\/div>\n                                    <\/div>\n            <\/div>\n        <\/section>\n        <!-- End News Section -->\n        \n        \t\t<\/div>\n\t\t\t\t<\/div>\n\t\t\t\t\t<\/div>\n\t\t<\/div>\n\t\t\t\t\t<\/div>\n\t\t<\/section>\n\t\t\t\t<\/div>\n\t\t",
        "protected": false
    },
    "excerpt": {
        "rendered": "<p>About Me I help individuals to become their best version. I am glad that you have made it here to send a distress signal, and inform the Senate that all on board were killed. Dantooine. I\u2019m not going to Alderaan. I really got to go. But that to me. Time to time shedule 24\/7 Online [&hellip;]<\/p>\n",
        "protected": false
    },
    "author": 1,
    "featured_media": 0,
    "parent": 0,
    "menu_order": 0,
    "comment_status": "closed",
    "ping_status": "closed",
    "template": "tpl-default-elementor.php",
    "meta": {
        "footnotes": ""
    },
    "class_list": [
        "post-21",
        "page",
        "type-page",
        "status-publish",
        "hentry"
    ],
    "_links": {
        "self": [
            {
                "href": "https:\/\/themexriver.com\/wp\/gurumantra\/wp-json\/wp\/v2\/pages\/21",
                "targetHints": {
                    "allow": [
                        "GET"
                    ]
                }
            }
        ],
        "collection": [
            {
                "href": "https:\/\/themexriver.com\/wp\/gurumantra\/wp-json\/wp\/v2\/pages"
            }
        ],
        "about": [
            {
                "href": "https:\/\/themexriver.com\/wp\/gurumantra\/wp-json\/wp\/v2\/types\/page"
            }
        ],
        "author": [
            {
                "embeddable": true,
                "href": "https:\/\/themexriver.com\/wp\/gurumantra\/wp-json\/wp\/v2\/users\/1"
            }
        ],
        "replies": [
            {
                "embeddable": true,
                "href": "https:\/\/themexriver.com\/wp\/gurumantra\/wp-json\/wp\/v2\/comments?post=21"
            }
        ],
        "version-history": [
            {
                "count": 85,
                "href": "https:\/\/themexriver.com\/wp\/gurumantra\/wp-json\/wp\/v2\/pages\/21\/revisions"
            }
        ],
        "predecessor-version": [
            {
                "id": 1311,
                "href": "https:\/\/themexriver.com\/wp\/gurumantra\/wp-json\/wp\/v2\/pages\/21\/revisions\/1311"
            }
        ],
        "wp:attachment": [
            {
                "href": "https:\/\/themexriver.com\/wp\/gurumantra\/wp-json\/wp\/v2\/media?parent=21"
            }
        ],
        "curies": [
            {
                "name": "wp",
                "href": "https:\/\/api.w.org\/{rel}",
                "templated": true
            }
        ]
    }
}